,y_pred,y_true
9283265027_R06C02,0,0
9283265010_R04C02,0,0
9283265025_R04C01,0,0
9283265025_R06C01,0,0
9283265046_R01C01,0,0
9283265010_R01C02,0,0
9283265012_R02C01,0,0
9283265026_R05C02,0,0
9283265027_R06C01,0,0
9283265012_R03C02,0,0
9283265012_R04C01,0,0
9283265046_R01C02,0,0
9283265010_R05C01,0,0
9283265027_R02C01,0,0
9806233120_R03C02,1,1
9701417036_R05C02,1,1
6164655053_R04C01,1,1
6164655052_R04C02,1,1
6264496107_R03C01,1,1
7796806093_R05C02,1,1
7796806101_R01C02,1,1
6164655052_R06C02,1,1
6164655053_R05C01,1,1
6164655053_R01C02,1,1
8784241109_R06C01,1,1
8784241118_R01C01,1,1
7796806055_R06C02,1,1
6264509127_R03C02,1,1
6929718034_R01C02,1,1
6285633017_R04C01,1,1
7800246126_R06C01,1,1
9305216005_R06C02,1,1
9305216035_R04C01,1,1
9701417036_R02C02,1,1
3999510091_R02C02,1,1
9701417044_R05C01,1,1
9701417036_R04C02,1,1
9701417044_R05C02,1,1
7796806096_R04C02,1,1
8795194083_R04C02,1,1
9630789147_R02C02,1,1
9806233125_R06C01,1,1
7786915031_R06C02,1,1
7796806095_R03C02,1,1
7796806096_R05C01,1,1
7796806095_R01C02,1,1
8784241109_R01C01,1,1
8795194084_R06C01,1,1
9305216091_R06C01,1,1
9305216110_R03C01,1,1
9305216005_R02C01,1,1
9283265139_R05C01,1,1
7800246126_R03C02,1,1
9701417046_R06C02,1,1
7796806095_R04C01,1,1
7796806075_R05C02,1,1
7796806075_R03C01,1,1
6929718034_R05C01,1,1
7796806101_R05C01,1,1
7796806093_R06C02,1,1
8784241109_R03C01,1,1
9283265139_R01C01,1,1
7796806101_R01C01,1,1
6929718034_R02C02,1,1
9305216110_R04C01,1,1
9305216005_R02C02,1,1
9305216091_R01C02,1,1
8795194085_R04C01,1,1
9630789147_R03C01,1,1
9806233125_R03C01,1,1
3999510091_R01C02,1,1
9701417036_R04C01,1,1
3999997088_R06C01,1,1
9701417090_R04C02,1,1
3999997088_R05C01,1,1
3999510091_R02C01,3,1
3999510091_R01C01,1,1
3999510104_R02C02,1,1
3999510104_R04C01,1,1
3999510108_R01C02,1,1
3999510091_R04C02,1,1
3999997088_R05C02,1,1
3999997088_R04C01,23,1
9806233110_R03C01,1,1
9806233091_R06C02,1,1
9806233120_R02C02,1,1
9806233120_R06C02,1,1
9806233120_R01C02,1,1
9806233091_R03C02,1,1
9701417046_R01C02,1,1
9704031058_R02C01,1,1
6026818055_R01C01,2,2
6004791010_R02C02,14,2
6004791006_R06C02,2,2
6004791004_R05C02,2,2
6004791006_R05C02,2,2
6004791010_R01C02,2,2
6004791020_R01C02,2,2
6005486018_R03C01,2,2
6005486005_R01C02,2,2
6005486029_R06C01,2,2
6026818135_R06C01,2,2
6057833155_R04C01,2,2
6285633072_R03C01,2,2
7796806088_R06C02,2,2
7796806090_R02C01,2,2
8784241046_R01C02,2,2
8784241046_R03C01,2,2
6005486013_R01C02,2,2
6057833159_R01C01,2,2
6285633072_R04C01,2,2
7796806109_R02C01,2,2
9283265077_R05C02,2,2
6005486014_R03C01,2,2
6057833159_R01C02,2,2
6285633051_R05C02,2,2
7796806125_R06C01,30,2
6285633051_R01C01,2,2
6285633051_R02C02,24,2
7796806109_R06C01,2,2
7796806103_R06C02,2,2
9298768134_R05C02,2,2
9305216147_R01C01,2,2
3999997079_R05C01,2,2
6005486005_R02C01,2,2
6005486018_R04C01,2,2
6005486025_R06C02,2,2
6005486029_R02C01,2,2
6005486005_R02C02,2,2
6005486021_R03C02,2,2
6005486017_R01C02,2,2
6005486019_R03C02,2,2
6005486014_R02C01,2,2
6005486012_R05C02,2,2
6005486017_R06C01,2,2
6005486012_R04C02,2,2
6005486017_R03C02,2,2
6005486017_R02C01,2,2
6004791010_R03C02,2,2
6004791006_R06C01,2,2
6004791006_R02C02,2,2
6005486029_R06C02,2,2
6042324037_R03C01,2,2
7796806109_R01C01,2,2
6042324035_R06C02,2,2
6042324037_R01C01,2,2
6042324035_R04C02,2,2
6042324037_R05C02,2,2
6057833155_R03C02,2,2
6057833134_R05C02,2,2
6057833134_R01C02,2,2
6929718030_R05C01,2,2
9305216146_R03C02,2,2
6005486019_R05C01,2,2
6026818108_R05C02,2,2
7796806088_R02C02,2,2
6042324030_R02C02,2,2
6042324037_R05C01,2,2
6004791004_R04C01,2,2
6005486011_R02C01,2,2
6005486014_R06C01,2,2
6004791020_R01C01,2,2
6005486019_R05C02,2,2
6005486029_R04C01,2,2
6929742015_R06C01,2,2
6042324048_R06C01,2,2
6042316106_R01C01,2,2
6026818145_R03C01,2,2
6026818128_R06C01,2,2
6057833057_R05C01,2,2
6057833155_R02C02,2,2
6042324005_R03C02,2,2
6042324005_R01C02,2,2
6929718043_R06C02,2,2
9422491072_R01C02,2,2
9422492113_R06C01,18,2
6042324048_R04C01,2,2
6026818139_R05C02,2,2
6026818145_R01C01,2,2
6026818128_R02C01,2,2
6042316130_R03C01,2,2
6026818135_R03C01,2,2
6026818132_R06C02,2,2
6057833057_R04C01,2,2
6042316130_R03C02,2,2
6042316141_R01C02,2,2
6042316141_R02C02,2,2
6229009066_R05C01,2,2
6229009060_R06C02,2,2
6057833166_R04C01,2,2
9426020160_R03C02,2,2
9422492089_R03C02,2,2
6005486017_R06C02,2,2
6005486017_R02C02,2,2
6005486012_R01C02,2,2
7796806109_R05C01,2,2
6042324035_R03C01,2,2
6042324072_R02C01,2,2
6042324030_R05C02,2,2
6026818132_R06C01,2,2
6026818111_R05C02,2,2
6042324005_R04C02,2,2
9283265077_R05C01,2,2
6026818122_R02C01,2,2
6026818055_R05C02,2,2
6057833057_R02C01,2,2
6026818102_R03C02,2,2
6042316157_R03C02,2,2
6042324006_R02C01,2,2
6285633072_R04C02,2,2
7796806032_R05C02,2,2
6026818102_R02C01,2,2
6057833057_R03C02,2,2
6026818102_R04C02,2,2
6026818055_R04C02,2,2
6026818122_R03C01,2,2
6042316130_R01C01,2,2
7786923105_R03C02,2,2
8784241071_R03C02,2,2
7796806103_R01C01,2,2
9422491072_R04C01,2,2
9422492089_R05C02,2,2
9422491072_R05C01,2,2
9298768134_R01C02,2,2
9422491072_R01C01,2,2
9426020160_R05C02,2,2
8784241036_R02C02,2,2
9283265014_R06C01,2,2
9298768172_R02C01,2,2
9298768172_R04C01,2,2
9305216146_R02C02,2,2
9283265058_R06C02,2,2
9283265077_R02C01,2,2
9283265058_R05C02,2,2
9283265014_R03C02,2,2
9422491072_R06C02,2,2
9993943017_R01C02,2,2
9298768134_R02C02,2,2
9630789227_R02C02,2,2
9422492089_R06C02,2,2
9630789227_R04C02,2,2
9630789227_R06C02,2,2
6929671122_R03C02,3,3
6929671122_R02C02,3,3
6285625081_R01C02,3,3
7796806055_R06C01,3,3
6929793021_R03C02,3,3
6929718044_R02C02,3,3
7796806096_R03C02,3,3
9422492030_R04C02,3,3
9422492089_R03C01,3,3
9422492029_R01C02,3,3
9828653016_R05C01,3,3
9828653016_R03C02,3,3
9828653022_R01C01,3,3
9828653022_R02C01,3,3
6929671022_R02C01,3,3
6042316010_R03C01,3,3
6285625081_R06C01,3,3
9482801015_R05C02,3,3
6929742015_R03C02,3,3
9305216159_R05C02,29,3
6929671019_R03C02,3,3
6929671022_R04C01,3,3
6929718034_R06C02,3,3
6929718044_R06C02,3,3
6929718044_R02C01,3,3
6929718044_R04C02,3,3
6929793021_R03C01,3,3
7796806055_R02C02,3,3
7786923106_R01C02,3,3
7796806075_R02C01,3,3
7796806096_R04C01,3,3
7796806095_R04C02,3,3
9305216159_R03C02,29,3
9305216147_R04C02,3,3
8784225111_R01C02,3,3
6929742015_R05C02,3,3
6929742050_R06C01,3,3
9305216149_R04C01,3,3
7786923106_R06C01,3,3
8784225111_R06C02,3,3
9422492029_R04C01,3,3
9829119060_R01C01,3,3
9422492030_R01C02,3,3
9422492029_R01C01,3,3
9482801015_R03C01,3,3
9828653014_R05C02,3,3
9828653022_R01C02,3,3
9828653014_R06C02,3,3
9828653016_R02C02,3,3
9829119060_R04C01,3,3
9829119060_R05C01,3,3
3999492075_R03C02,3,3
3999510081_R03C02,3,3
3999510081_R06C02,3,3
3999510096_R03C01,3,3
3999510090_R06C01,3,3
3999510096_R05C02,3,3
3999492075_R02C02,3,3
3999510100_R05C01,3,3
3999997079_R05C02,4,4
3999997083_R01C01,4,4
9996247061_R06C01,4,4
9702496157_R06C01,5,5
5775041088_R03C02,5,5
5775041068_R03C02,5,5
9305216012_R06C02,5,5
9305216015_R06C01,5,5
6285625037_R01C02,5,5
6057825020_R01C02,5,5
9305216015_R02C02,5,5
6057825028_R06C01,5,5
9296931073_R05C01,5,5
9296931074_R04C01,5,5
6042316015_R06C02,22,5
6042308159_R05C02,22,5
6042316011_R03C01,5,5
6264509087_R06C02,5,5
6042308159_R01C02,5,5
6042308159_R06C02,5,5
9296931073_R01C02,5,5
3999492120_R03C01,5,5
5775041007_R03C01,5,5
6057825028_R03C02,5,5
6057825002_R01C02,5,5
6929718054_R01C02,5,5
6929718053_R04C02,5,5
6285625057_R06C01,5,5
6929718054_R02C01,5,5
6285625037_R04C01,5,5
6285625011_R04C01,5,5
6285625011_R05C01,5,5
6929718054_R03C02,5,5
6929718053_R02C01,5,5
6929718079_R05C02,22,5
6929718054_R06C02,5,5
6264509127_R02C01,5,5
6285625011_R03C01,5,5
6042316011_R01C01,5,5
6264509018_R04C01,5,5
6042316010_R05C02,5,5
6929718086_R01C02,5,5
6929671163_R04C01,5,5
6285625085_R01C01,5,5
6285625085_R01C02,5,5
6057825035_R05C02,5,5
6929718054_R02C02,5,5
6042316015_R02C01,5,5
6057825002_R01C01,5,5
6057825028_R05C01,5,5
6042316001_R02C02,5,5
9702496157_R05C02,5,5
9702496157_R06C02,5,5
9702496157_R01C02,5,5
3999492120_R05C02,5,5
9305216060_R03C01,6,6
7786915146_R06C01,6,6
7786915146_R03C01,6,6
7786915146_R01C02,6,6
9305216060_R01C01,6,6
9305216060_R05C01,6,6
9828653029_R06C01,6,6
9828653029_R04C02,6,6
9828653044_R04C01,6,6
9701417002_R06C02,7,7
9701417063_R05C01,7,7
9701417002_R06C01,7,7
9701417063_R03C01,7,7
8795194023_R02C02,7,7
8795194023_R01C02,7,7
8784241035_R06C01,7,7
9422492098_R02C02,7,7
9630789196_R04C02,7,7
9422492098_R04C02,7,7
9701417002_R05C02,7,7
9701417149_R02C01,7,7
9701417063_R02C01,7,7
9422492098_R05C01,7,7
8795194027_R02C01,7,7
8795194023_R03C01,7,7
8784225115_R06C02,25,7
9305216166_R05C02,25,7
9630789196_R04C01,7,7
9482801003_R06C02,7,7
9630789160_R06C01,7,7
9701417063_R06C02,7,7
9701417063_R04C02,7,7
9701417063_R06C01,25,7
9422492119_R06C02,7,7
8795194023_R04C01,7,7
8784225115_R04C02,7,7
9305216166_R06C01,7,7
9630789196_R06C02,7,7
9806233138_R03C01,7,7
9305216166_R02C01,7,7
9422492119_R02C01,25,7
9482801003_R02C01,7,7
9934398135_R05C01,9,7
6042316093_R02C02,8,8
6042316093_R03C01,8,8
6929718029_R03C02,8,8
9422493021_R02C02,14,8
9976861010_R03C02,8,8
6042316093_R06C01,8,8
6929718036_R04C01,8,8
9976861010_R04C02,8,8
6929718033_R03C02,8,8
6042316090_R05C02,8,8
6042316090_R03C02,8,8
6042324082_R06C02,8,8
6042324058_R06C01,8,8
6042324082_R01C02,8,8
6042324049_R02C01,8,8
6929718035_R04C01,8,8
6042324049_R06C01,8,8
6042324082_R05C01,23,8
6042324049_R01C01,8,8
6042316090_R06C01,8,8
6042316122_R03C01,8,8
9761749160_R03C01,8,8
6929718035_R05C02,8,8
6042324058_R01C02,8,8
6042324082_R01C01,8,8
6929718035_R02C02,8,8
6042316093_R01C01,8,8
6285650015_R04C01,9,9
5775446051_R01C01,9,9
6264496115_R02C01,9,9
9422491160_R02C01,9,9
9704031168_R03C01,9,9
6285650015_R05C02,9,9
6264488077_R02C02,9,9
8784225109_R01C02,7,9
9422492126_R01C01,9,9
6285650015_R01C02,9,9
6264496125_R04C01,9,9
6285650015_R06C01,9,9
6285650014_R05C02,9,9
5775446049_R04C01,9,9
6285650015_R04C02,9,9
6285650016_R03C02,9,9
6285650023_R04C01,9,9
6285650033_R04C02,9,9
6929671036_R04C01,9,9
6285633047_R01C02,9,9
8795194127_R03C01,9,9
9305216058_R01C01,9,9
9305216035_R02C02,9,9
9305216053_R04C01,9,9
6285650033_R05C02,9,9
6929671086_R06C01,9,9
6285650036_R03C02,9,9
6929806064_R02C02,9,9
6929671023_R06C01,9,9
6929806064_R01C02,9,9
6929671027_R01C01,9,9
9305216058_R03C01,9,9
8795194059_R05C02,9,9
8795194070_R01C02,9,9
8784241048_R04C01,9,9
5775446051_R06C02,9,9
6264496115_R01C01,9,9
6285633024_R06C02,9,9
6285633048_R01C01,9,9
6285633024_R01C01,9,9
6285633024_R03C01,9,9
6285633025_R04C01,9,9
6285633024_R05C01,9,9
5775446068_R03C01,9,9
5775446051_R01C02,9,9
5775446051_R03C02,9,9
6285650023_R04C02,9,9
6929806064_R06C02,9,9
6929806064_R05C02,9,9
6929671027_R02C02,9,9
6929671027_R03C02,9,9
6285633035_R06C01,9,9
6285633025_R02C01,9,9
6285633030_R03C02,9,9
6285633035_R04C02,9,9
6285633025_R03C02,9,9
6285633025_R05C02,9,9
6285633025_R05C01,9,9
6285633055_R06C01,9,9
6285633071_R06C01,9,9
6285633073_R01C01,9,9
6285633055_R05C02,9,9
6929742068_R04C01,9,9
6929742016_R04C02,9,9
8795194093_R02C02,9,9
8795194127_R02C01,9,9
8795194059_R06C02,9,9
8784241047_R06C02,9,9
9422492106_R06C01,9,9
6264496113_R01C02,9,9
6264496125_R05C01,9,9
6264496113_R02C02,9,9
6264488077_R04C01,9,9
6285633071_R01C01,9,9
6929742016_R06C01,9,9
6929742068_R01C02,9,9
9422492106_R02C02,9,9
9305216053_R03C01,9,9
9305216035_R04C02,9,9
9305216035_R03C02,9,9
9305216053_R01C01,9,9
8784241047_R02C02,9,9
9305216058_R05C02,9,9
9422492081_R06C01,2,9
9422492081_R06C02,9,9
9422492084_R05C01,9,9
9422492136_R01C02,9,9
9422492081_R04C02,9,9
9482801001_R03C02,3,9
9305216053_R04C02,9,9
9422491160_R01C01,9,9
9422492114_R02C01,9,9
9704031168_R06C02,9,9
9482801001_R04C02,9,9
9422492126_R06C01,9,9
9422492084_R04C01,9,9
9422492084_R01C02,9,9
9482801001_R05C02,9,9
9482801001_R06C01,9,9
9422492126_R02C02,27,9
9422492126_R04C01,9,9
7786923009_R01C02,10,10
7786923009_R06C01,10,10
7786915164_R06C02,10,10
7786915164_R06C01,10,10
7786923081_R06C02,10,10
7786915164_R04C02,10,10
7786923009_R02C01,10,10
7786923009_R02C02,10,10
7786923021_R01C02,10,10
7786923009_R06C02,10,10
7786923081_R04C01,10,10
6042324043_R03C02,11,11
6055432001_R04C02,11,11
6042324004_R01C01,11,11
6042324043_R03C01,11,11
6042324009_R03C02,11,11
6042316038_R01C01,11,11
6042316046_R05C01,11,11
6042316009_R04C02,11,11
6055424116_R04C01,11,11
6042324009_R01C01,11,11
6042324043_R05C01,11,11
6042316017_R01C02,11,11
6042316163_R04C01,11,11
6042324022_R01C02,11,11
6042324027_R02C02,11,11
6055424116_R05C02,11,11
6042324113_R05C01,11,11
6042308132_R04C01,11,11
6929671134_R05C02,11,11
6285650094_R04C01,11,11
6285650095_R05C02,11,11
6285650106_R02C01,11,11
6929718088_R02C02,11,11
9305216018_R01C01,11,11
9305216018_R03C01,11,11
6929671144_R05C01,11,11
6929718092_R03C02,11,11
6929718090_R01C02,11,11
6042324027_R05C02,11,11
6042324027_R04C02,11,11
6929671134_R05C01,11,11
9422492127_R01C02,11,11
9422492127_R05C01,11,11
6055432006_R05C01,11,11
6042308129_R05C01,11,11
6042308103_R05C02,11,11
6042308164_R02C01,11,11
6042308104_R02C01,11,11
6042308103_R02C01,11,11
6042308164_R05C02,11,11
6929671144_R01C01,11,11
6285650093_R03C02,11,11
6929671134_R06C01,11,11
6929718092_R03C01,11,11
6285650095_R04C01,11,11
6285650095_R03C01,11,11
6042316017_R05C02,11,11
6042308132_R05C02,11,11
6042316017_R02C02,11,11
6042308132_R02C02,11,11
6042308157_R03C02,11,11
6042316046_R02C02,11,11
6042316009_R03C01,11,11
6929718090_R03C01,11,11
6929671144_R04C01,11,11
8795194065_R05C02,12,11
9701417173_R04C02,11,11
9701417173_R06C02,11,11
8795194065_R02C01,11,11
8795194065_R04C02,11,11
8795194065_R03C01,11,11
9701417173_R05C02,12,11
9828653052_R01C02,12,12
9828653052_R01C01,12,12
9701417161_R05C02,12,12
3999510144_R03C02,12,12
6929742015_R02C01,12,12
7310440066_R05C01,12,12
7310440066_R06C01,12,12
7800246204_R03C02,12,12
7800246206_R01C01,12,12
9305216059_R01C01,12,12
8784225052_R02C01,12,12
9305216028_R06C02,12,12
9296931055_R01C02,12,12
9305216059_R02C02,12,12
6929671163_R05C01,12,12
6285609018_R03C01,12,12
6264496102_R05C02,11,12
6929689007_R03C01,12,12
6929671163_R03C02,11,12
7310440066_R01C01,12,12
7310440061_R05C02,12,12
7310440066_R04C02,12,12
6285633061_R02C01,12,12
6285609019_R05C01,12,12
6285633034_R06C01,12,12
6285633058_R01C01,12,12
9630789214_R01C01,12,12
9630789214_R03C01,12,12
8784225052_R06C01,12,12
9296931055_R03C02,12,12
9701417161_R06C02,12,12
6285633034_R02C01,1,12
9305216161_R03C02,12,12
9296931055_R05C01,12,12
3999510144_R06C01,12,12
9296931055_R04C02,12,12
9630789228_R06C02,12,12
9630789231_R06C01,12,12
9630789230_R05C01,12,12
9828653052_R05C02,12,12
9828653043_R06C02,12,12
3999510143_R02C01,12,12
3999510143_R02C02,12,12
9701417162_R06C01,12,12
5771955082_R03C02,13,13
5775446072_R02C01,13,13
5775446078_R01C02,13,13
5775446078_R04C01,13,13
5771955030_R05C01,13,13
5771955069_R01C01,13,13
5775446072_R03C01,13,13
5771955072_R05C01,13,13
5775446014_R04C01,13,13
5771955068_R04C01,13,13
5775446017_R02C01,13,13
5771955042_R06C02,13,13
5771955069_R05C01,13,13
5775446078_R04C02,13,13
5771955042_R04C02,13,13
5771955069_R06C01,13,13
5775446070_R02C02,13,13
5775446071_R03C01,13,13
5775446062_R03C01,13,13
5771955084_R06C02,13,13
5775446071_R02C01,13,13
5771955068_R04C02,13,13
5775446014_R01C01,13,13
5771955068_R02C01,13,13
5771955072_R01C01,13,13
5771955030_R06C02,13,13
5771955072_R04C01,13,13
5775446018_R05C02,13,13
5775446071_R06C01,13,13
5775446070_R04C02,13,13
5775446078_R03C01,13,13
5775446017_R04C01,13,13
5775446071_R03C02,13,13
5775446014_R03C02,13,13
5771955046_R06C01,13,13
5771955084_R02C02,13,13
5771955068_R03C02,13,13
6164655047_R03C01,14,14
6164655047_R02C01,14,14
6042316060_R01C02,14,14
6285609053_R05C01,14,14
6164655051_R02C02,14,14
6164655052_R05C01,14,14
9297949063_R03C02,14,14
9297949125_R03C01,14,14
9297949125_R01C01,14,14
9426020011_R04C01,14,14
9682764012_R06C02,14,14
6042316079_R05C02,8,14
6042316079_R05C01,14,14
6042316122_R04C02,14,14
6285609053_R03C01,14,14
6285609049_R02C01,14,14
6285633068_R03C01,8,14
6285633068_R06C01,14,14
6285633067_R05C01,14,14
6285633067_R02C02,14,14
6285633067_R04C01,14,14
7310440001_R06C02,14,14
6285633005_R03C02,14,14
6285633003_R06C02,14,14
9297949063_R01C02,14,14
9422491068_R04C02,14,14
9426020012_R01C02,8,14
9422491154_R04C01,14,14
6164655047_R03C02,14,14
6285609053_R04C02,14,14
6164655052_R02C01,14,14
9426020012_R04C01,8,14
9426020029_R05C01,14,14
9426020011_R02C01,14,14
9426020035_R04C01,14,14
9426020035_R01C01,14,14
6042316079_R02C01,8,14
6285609049_R01C01,14,14
6285609045_R06C02,14,14
6929806068_R03C02,14,14
6285633006_R01C02,14,14
8795194078_R03C01,14,14
9283265074_R05C02,14,14
9422491076_R02C01,14,14
9701417179_R01C02,14,14
6285633075_R01C01,14,14
6285633067_R01C01,14,14
6285633068_R01C01,14,14
6285633068_R05C01,14,14
7310440001_R01C02,14,14
7310440001_R02C02,14,14
8784241041_R05C02,14,14
8784241056_R05C01,14,14
6285633005_R05C02,14,14
8784241039_R02C02,14,14
6285633006_R04C01,14,14
8784241039_R03C02,14,14
8784241041_R03C02,14,14
8784241039_R01C02,14,14
9305216114_R04C01,14,14
8784241056_R06C01,14,14
8784241056_R02C01,14,14
9305216110_R06C01,14,14
9296931022_R05C02,14,14
9296931021_R02C02,14,14
6285633068_R03C02,14,14
6285633075_R03C01,14,14
8784241039_R06C01,14,14
8784241056_R01C01,14,14
6285633003_R04C02,14,14
9297949031_R04C02,14,14
9285451132_R02C02,14,14
9297949125_R02C02,14,14
9297949125_R04C02,14,14
9283265074_R01C01,14,14
9296931021_R06C01,14,14
9283265074_R06C01,14,14
9297949063_R04C02,8,14
9701417180_R03C02,14,14
9422491068_R06C02,14,14
9426020034_R01C01,14,14
9297949111_R02C01,14,14
9422491144_R04C01,14,14
9422491144_R03C01,14,14
9422491144_R06C02,14,14
9422491068_R02C01,14,14
9422491154_R01C01,8,14
9426020029_R06C01,14,14
9426020034_R05C02,14,14
9701417108_R01C02,14,14
9701417108_R05C01,14,14
9701417105_R06C02,14,14
9422491068_R03C01,14,14
9422491068_R05C01,14,14
9482801006_R01C01,14,14
9701417105_R03C02,14,14
9701417180_R02C01,14,14
9701417179_R01C01,14,14
9701417105_R04C01,14,14
9721366037_R06C01,15,15
9721366044_R02C01,15,15
9761749160_R02C01,15,15
9704031081_R04C02,15,15
6285650063_R03C02,15,15
6285650047_R06C02,15,15
6285650090_R02C02,15,15
9283265164_R06C02,15,15
6285650060_R05C01,15,15
6285633107_R04C02,15,15
9934987023_R04C01,15,15
6929671134_R03C01,4,15
6285650084_R03C02,15,15
6285650063_R06C02,15,15
6285650060_R04C01,15,15
6285650086_R01C01,15,15
6285650047_R06C01,15,15
6285617025_R03C01,15,15
6285650090_R05C01,15,15
6285650047_R05C01,15,15
6285633076_R03C02,15,15
6285633076_R05C01,15,15
6285633076_R06C01,15,15
7796806009_R02C01,15,15
8795194066_R04C02,15,15
8795194066_R04C01,15,15
9305216203_R06C02,15,15
9305216038_R06C02,15,15
9422492093_R03C01,15,15
9422492129_R04C01,15,15
3999492040_R03C02,15,15
3999492053_R02C01,15,15
3999492072_R02C01,15,15
3999492072_R06C02,15,15
3999492031_R03C01,15,15
3999492053_R04C01,15,15
3999492053_R01C02,15,15
3999492067_R02C02,15,15
3999492055_R03C01,15,15
3999492067_R06C02,15,15
3999492031_R02C01,15,15
9426021127_R01C01,15,15
6929718042_R01C01,15,15
6929718030_R05C02,15,15
6285633076_R06C02,15,15
7796806009_R05C01,15,15
7796806032_R01C01,15,15
8795194066_R02C01,15,15
6285650111_R05C02,15,15
6285650111_R05C01,15,15
6285633107_R06C01,15,15
9422492052_R04C02,15,15
9426021127_R04C01,15,15
9721366037_R01C01,15,15
9721366062_R04C01,15,15
9934987028_R06C01,15,15
8795194066_R02C02,15,15
9305216038_R04C02,15,15
9305216206_R01C01,15,15
9426021127_R06C01,15,15
9422492052_R06C01,15,15
9422492052_R03C02,15,15
9704031081_R01C01,15,15
9704031081_R02C01,15,15
9934987023_R04C02,15,15
9704031081_R06C01,15,15
9934987023_R05C01,15,15
9934987122_R03C01,15,15
9721366062_R05C02,15,15
9934987028_R01C02,15,15
6264488083_R05C02,16,16
6929671148_R02C02,16,16
6264488083_R04C02,16,16
8795194077_R05C01,16,16
6042316106_R01C02,16,16
6285625076_R01C01,16,16
6285625070_R03C01,16,16
6929671032_R03C02,17,16
6264488067_R06C01,16,16
8795194027_R04C02,16,16
6285625072_R05C01,16,16
6285625076_R06C01,16,16
6285625076_R03C02,16,16
9828653011_R01C01,16,16
3999510111_R03C01,16,16
3999510111_R04C02,16,16
3999510111_R01C01,16,16
6285625072_R06C02,16,16
6929671122_R02C01,16,16
6042308099_R02C01,16,16
6285625099_R02C01,30,16
6285625064_R03C01,16,16
6929671148_R06C02,16,16
6285650110_R05C01,16,16
6929671144_R06C01,16,16
6285650106_R06C01,16,16
6285650106_R03C02,16,16
6285650110_R04C02,16,16
6929742041_R02C01,16,16
6929671039_R04C01,16,16
6285633062_R06C01,16,16
6285633062_R02C01,16,16
6285633062_R05C02,16,16
6264488067_R04C02,16,16
6264488067_R04C01,16,16
6264488070_R02C02,16,16
6285633040_R02C01,16,16
7786923084_R03C02,16,16
7786923084_R06C02,16,16
8795194077_R05C02,16,16
6264488083_R03C02,16,16
6285633063_R04C02,16,16
6285633062_R03C02,16,16
6285633036_R06C02,16,16
8784241076_R06C01,16,16
6042308099_R01C02,16,16
6285625064_R04C02,16,16
6285650107_R04C01,16,16
6929742045_R06C02,16,16
7310440042_R03C02,16,16
6929742045_R02C02,16,16
7310440042_R02C02,16,16
7310440042_R06C02,16,16
7310440042_R05C02,16,16
6929671031_R01C01,16,16
6929671032_R02C02,16,16
8784241076_R02C02,16,16
6042308138_R06C02,16,16
6285633063_R02C01,16,16
7786923075_R05C02,16,16
6264488067_R05C02,16,16
7786923090_R01C01,16,16
7786923084_R04C02,16,16
8784241063_R04C02,16,16
8784241063_R02C01,16,16
6285625068_R05C02,16,16
6929671144_R04C02,16,16
7786923062_R04C02,16,16
8784241084_R02C01,16,16
7786923090_R01C02,16,16
8784241135_R04C01,16,16
6285633063_R05C02,16,16
6285633036_R04C02,16,16
8784241063_R06C01,16,16
8784241120_R03C02,16,16
6264488067_R03C01,16,16
6264488070_R06C01,16,16
8795194076_R04C01,16,16
8784241071_R06C02,16,16
8795194027_R06C02,16,16
8795194076_R01C02,16,16
9828653011_R06C01,16,16
9828653011_R04C01,16,16
8784241084_R01C01,16,16
8784241110_R04C02,16,16
8784241132_R06C02,16,16
9285451185_R01C02,16,16
9828653011_R04C02,16,16
8784241135_R02C01,16,16
6042308120_R02C02,17,17
6042308087_R06C02,17,17
6042308120_R04C01,17,17
6057825048_R01C01,17,17
6042308078_R06C01,17,17
6055424084_R05C02,9,17
6057825101_R01C02,17,17
9283265142_R03C02,17,17
9283265144_R01C01,17,17
6057825048_R05C02,17,17
6055424084_R03C02,17,17
6055424086_R06C02,17,17
6055424040_R01C01,17,17
6057825034_R02C01,17,17
6929742073_R05C02,17,17
8784225054_R03C01,17,17
6929742070_R06C01,17,17
6285633083_R01C01,17,17
6285633079_R03C02,17,17
6264488072_R03C02,17,17
6285633040_R02C02,17,17
8784225054_R06C01,17,17
8784241001_R02C01,17,17
8784241132_R01C01,17,17
3999492078_R04C01,17,17
6285633083_R02C02,17,17
6264496026_R04C01,17,17
6264496026_R01C01,17,17
9305216133_R02C01,17,17
9305216074_R01C01,17,17
9283265144_R06C01,16,17
9305216121_R02C01,17,17
9305216074_R05C02,17,17
6929742070_R03C02,17,17
6285633054_R03C01,17,17
9305216121_R01C02,17,17
6285633079_R06C02,17,17
7786923091_R03C01,17,17
6264488071_R03C02,17,17
6264488071_R04C02,17,17
6264488074_R01C02,17,17
9283265127_R05C02,17,17
9283265142_R04C01,17,17
6264496025_R04C02,17,17
6057825101_R01C01,17,17
6285633054_R04C01,17,17
6285633054_R01C01,17,17
6285633040_R03C02,17,17
6285633054_R03C02,17,17
7786923103_R03C02,17,17
8784225109_R01C01,16,17
8784241132_R02C01,17,17
9305216126_R05C01,16,17
9305216133_R05C02,16,17
9305216133_R06C01,17,17
8784241020_R03C01,17,17
6264488074_R02C02,17,17
6264488074_R02C01,17,17
7786923090_R06C02,17,17
9283265142_R06C02,17,17
6264488074_R04C02,17,17
8784241130_R06C01,17,17
8784241130_R02C01,17,17
8784241001_R03C01,17,17
8784241020_R03C02,17,17
9305216121_R03C01,17,17
9305216074_R03C01,17,17
9305216133_R01C01,17,17
9305216121_R05C01,17,17
9283265144_R04C01,17,17
9970497099_R03C02,18,18
9970497099_R04C01,23,18
9970497105_R02C01,18,18
9970497103_R04C01,18,18
9630789013_R05C02,18,18
9630789014_R04C02,18,18
9630789014_R03C01,18,18
9630789001_R05C01,18,18
9630789013_R04C02,18,18
9630789013_R03C01,18,18
9630789013_R06C01,18,18
9630789014_R02C01,18,18
9970497104_R06C01,18,18
9970497104_R04C01,18,18
9630789013_R02C02,23,18
9970497105_R05C02,18,18
9970497099_R05C02,18,18
9993943049_R01C02,19,19
9829118148_R02C02,19,19
9806233125_R05C02,19,19
9829118148_R06C01,19,19
6285633049_R01C01,19,19
8795194086_R01C01,19,19
8795194085_R05C01,19,19
9828653028_R05C02,19,19
6055424077_R05C01,19,19
6055424077_R01C02,19,19
8795194038_R06C01,19,19
9422491152_R02C02,19,19
8795194086_R06C01,19,19
6285633050_R04C02,22,19
6285633050_R03C01,19,19
8795194038_R04C01,19,19
8795194086_R03C01,19,19
8795194086_R02C01,19,19
8795194086_R04C01,19,19
9422493021_R04C02,19,19
6285633050_R01C01,19,19
6285633050_R02C01,19,19
6285633050_R04C01,19,19
9422491159_R01C01,19,19
9482801040_R01C01,19,19
9482801040_R05C02,19,19
8795194085_R01C02,19,19
9422493022_R01C01,19,19
9422493021_R06C02,5,19
9422491159_R06C01,19,19
9993943046_R03C02,19,19
9993943059_R02C01,18,19
9630789032_R05C01,20,20
9630789032_R05C02,20,20
9482801035_R01C01,20,20
9630789033_R02C01,20,20
9630789033_R05C01,20,20
9482801036_R02C02,20,20
9482801087_R01C02,20,20
9482801035_R01C02,20,20
9482801005_R04C01,20,20
9482801096_R02C01,19,20
9482801142_R01C01,20,20
9630789032_R02C01,20,20
9482801036_R03C01,20,20
9630789033_R06C02,20,20
9630789033_R01C01,20,20
9630789032_R04C01,20,20
9482801167_R01C02,20,20
9482801026_R02C01,20,20
9482801085_R05C01,20,20
9482801167_R01C01,20,20
9482801085_R02C01,20,20
9482801094_R06C01,20,20
9482801095_R01C02,20,20
9482801002_R05C02,20,20
9482801002_R01C02,20,20
9482801085_R01C02,20,20
9482801041_R03C01,20,20
9482801085_R04C01,20,20
9482801085_R06C02,20,20
9482801167_R04C01,20,20
9482801041_R04C02,20,20
9482801002_R05C01,20,20
9482801026_R05C01,20,20
9482801026_R01C01,20,20
9482801002_R06C01,20,20
3999543026_R06C02,21,21
3999547134_R04C01,21,21
6264496033_R06C01,21,21
6264496033_R06C02,21,21
6264496033_R01C01,21,21
6264496047_R01C01,21,21
6264496012_R04C01,21,21
6264496045_R05C02,21,21
6264496012_R01C02,21,21
6264496027_R04C02,21,21
6264496033_R04C02,21,21
6264496046_R01C02,21,21
6264496047_R03C01,21,21
6264496047_R02C02,21,21
6264496045_R02C01,21,21
6264496033_R02C02,21,21
6929793020_R02C02,21,21
9297949031_R04C01,21,21
7310440096_R05C01,21,21
7310440096_R02C01,21,21
7310440095_R05C02,21,21
7310440049_R03C02,21,21
8795194083_R05C01,21,21
9305216065_R06C01,21,21
9296931048_R05C01,21,21
9422493015_R02C01,21,21
9422493015_R05C02,21,21
9630789138_R06C01,21,21
9296931048_R02C01,21,21
9305216065_R01C02,21,21
9305216142_R01C01,21,21
9283265090_R06C02,21,21
6929718014_R03C01,21,21
3999547134_R06C01,21,21
3999543026_R03C02,21,21
3999547132_R05C01,21,21
9305216143_R03C01,21,21
7310440082_R06C01,21,21
7310440049_R01C02,21,21
7310440049_R01C01,21,21
7310440073_R06C01,21,21
7310440049_R04C01,21,21
6285633020_R03C01,21,21
8795194083_R02C02,21,21
9296931048_R03C02,21,21
9305216065_R05C02,21,21
9305216096_R02C01,21,21
9283265090_R04C01,21,21
9422493015_R05C01,21,21
3999543013_R04C01,21,21
3999547163_R02C01,21,21
7310440059_R05C01,21,21
7310440073_R01C02,21,21
9305216065_R06C02,21,21
9305216096_R05C01,21,21
9305216096_R03C02,21,21
9305216142_R01C02,21,21
9283265090_R03C02,21,21
3999543013_R04C02,21,21
8795194083_R03C01,21,21
9296931023_R06C02,21,21
8784241045_R03C02,21,21
9422491154_R04C02,21,21
8795194083_R06C01,21,21
9305216142_R06C02,21,21
9283265090_R05C02,21,21
9297949031_R05C01,21,21
9934625034_R06C02,21,21
9934625036_R03C02,21,21
9934625049_R06C01,21,21
9934625034_R06C01,21,21
9297949031_R02C01,21,21
9934625049_R01C02,21,21
9283265090_R06C01,21,21
9934625034_R05C02,21,21
9934625168_R05C02,21,21
9934625168_R01C01,21,21
9934625093_R01C02,21,21
3999543025_R03C01,21,21
3999543013_R02C02,21,21
3999543014_R01C02,21,21
3999543013_R06C01,21,21
3999543026_R05C02,21,21
3999543025_R04C02,21,21
9630789122_R05C01,21,21
9630789138_R03C02,21,21
9630789122_R03C01,21,21
9630789138_R01C02,21,21
9934625042_R03C02,21,21
9934625152_R04C02,21,21
3999543025_R06C02,21,21
3999543025_R01C02,21,21
9934625093_R02C01,21,21
9934625152_R05C01,21,21
9934625093_R06C01,21,21
3999543025_R05C01,21,21
3999547134_R05C02,21,21
6055424097_R04C02,22,22
6055424097_R05C02,22,22
6929718081_R06C02,22,22
6055424097_R03C02,22,22
5775041086_R06C02,5,22
6929718061_R01C01,22,22
6929718061_R06C01,22,22
6929718061_R01C02,22,22
6929718042_R06C01,22,22
6929718058_R01C02,22,22
6929718081_R05C02,22,22
6264509055_R02C02,22,22
6929718042_R05C02,22,22
6929718114_R06C01,22,22
6929718114_R04C01,5,22
6929718061_R04C02,22,22
6929718114_R03C01,22,22
6055424097_R02C01,22,22
9828653004_R03C01,23,23
9828653004_R05C01,23,23
8795194107_R05C02,23,23
8795194080_R02C02,23,23
7786915032_R02C02,23,23
9283265162_R02C01,23,23
9283265164_R05C01,23,23
9422491161_R03C01,23,23
9283265162_R04C02,23,23
9422492060_R05C01,23,23
9630789198_R01C02,23,23
3999547165_R06C02,23,23
9701417153_R06C01,23,23
3999547163_R03C02,23,23
9828653006_R03C02,23,23
3999547165_R01C02,23,23
3999547165_R05C01,23,23
3999547163_R05C01,23,23
7796806136_R04C01,23,23
8795194080_R03C02,23,23
8795194107_R03C02,23,23
8795194107_R05C01,23,23
8795194107_R01C01,23,23
7786915033_R04C01,23,23
7786915032_R05C01,23,23
7796806136_R06C01,23,23
7786915032_R04C02,23,23
9422491161_R02C01,23,23
9422491159_R06C02,23,23
9285451185_R01C01,23,23
8795194070_R04C02,29,23
9283265150_R04C01,23,23
9701417161_R03C02,23,23
9296930141_R04C01,23,23
9630789198_R03C02,24,23
9283265150_R02C02,23,23
8795194071_R03C01,23,23
9285451179_R06C01,23,23
9285451179_R03C02,23,23
9422491161_R02C02,23,23
9630789198_R06C01,23,23
9828653014_R01C02,23,23
9701417161_R01C02,23,23
9630789198_R04C02,23,23
9630789198_R03C01,23,23
9630789215_R03C01,23,23
9701417161_R02C02,23,23
9701417149_R05C01,2,23
9829119010_R02C02,24,24
6285633038_R06C02,24,24
6285633011_R03C01,24,24
6285633011_R06C01,24,24
9283265127_R06C01,24,24
9283265066_R04C01,24,24
9283265066_R01C02,24,24
9828653018_R05C01,24,24
9828653018_R03C01,24,24
3999492082_R04C02,24,24
6929671108_R01C01,24,24
9934625029_R01C01,24,24
6929671121_R05C02,24,24
6929671125_R03C02,24,24
6929671105_R04C01,24,24
6929671108_R06C01,24,24
6929671073_R02C02,24,24
6929671073_R06C01,24,24
6285633037_R06C01,24,24
8784241119_R02C02,24,24
8784241119_R05C01,24,24
9283265127_R04C01,24,24
9305216006_R02C02,24,24
9934625029_R02C01,24,24
9934625050_R01C01,24,24
8795194017_R02C01,24,24
6929671110_R02C02,24,24
6929671110_R04C02,24,24
6285633012_R03C01,24,24
9934625029_R06C01,24,24
9934625050_R02C01,24,24
8795194017_R01C02,24,24
8784241122_R06C01,24,24
8795194104_R05C02,24,24
8795194104_R06C02,24,24
8784241119_R01C02,24,24
8784241035_R02C02,24,24
8784241119_R04C01,24,24
8784241119_R05C02,24,24
9305216028_R05C01,24,24
9829119007_R06C02,24,24
6929671093_R05C02,24,24
6929671067_R03C02,24,24
6929671125_R06C01,24,24
6929671110_R03C01,24,24
6929671121_R03C01,24,24
6929671124_R04C01,24,24
6285633023_R05C02,24,24
7796806006_R03C01,24,24
6929671093_R04C01,24,24
6285633023_R04C02,24,24
6285633023_R03C02,24,24
6929671154_R04C02,24,24
6929671103_R04C02,24,24
6285633012_R04C02,24,24
6285633012_R01C01,24,24
6285633012_R02C02,24,24
6285633012_R05C02,24,24
6929671154_R01C02,24,24
6929671124_R05C02,24,24
6929671121_R01C02,24,24
8784241122_R04C01,24,24
6929671037_R06C01,24,24
7796806006_R06C01,24,24
9934625050_R05C02,24,24
6929671154_R06C02,24,24
6929671003_R05C01,24,24
6929671121_R03C02,24,24
6285633038_R01C01,24,24
6929671105_R04C02,24,24
8784241038_R04C01,24,24
8795194139_R05C02,24,24
8795194017_R01C01,24,24
9305216006_R04C01,24,24
6929671093_R06C02,24,24
6929671152_R05C02,24,24
9422491113_R03C01,24,24
9422491113_R04C02,24,24
9829119010_R06C01,24,24
9426020036_R04C01,24,24
9426020036_R03C01,24,24
9829119010_R05C01,24,24
9934625033_R03C02,24,24
9829119010_R04C01,24,24
3999492082_R06C02,24,24
9829119007_R05C01,24,24
9828653018_R04C01,24,24
3999492087_R04C02,25,25
6285617033_R04C01,25,25
7796806005_R03C01,25,25
6929718093_R03C02,17,25
6929718093_R05C02,25,25
6929718102_R01C01,25,25
7796806004_R01C02,25,25
7796806004_R02C02,25,25
7796806005_R02C01,25,25
7796806061_R04C02,25,25
7796806023_R02C02,25,25
7796806013_R06C01,25,25
7796806023_R02C01,25,25
7796806056_R05C02,25,25
7796806073_R01C01,25,25
7796806023_R06C01,25,25
7796806013_R01C02,25,25
7796806013_R04C02,25,25
8784241024_R03C01,25,25
8784241057_R06C01,25,25
8784241024_R05C02,25,25
8784241057_R03C02,25,25
8784241024_R01C02,25,25
8784241002_R06C02,25,25
8795194038_R05C02,25,25
8795194061_R05C01,25,25
8795194010_R05C01,25,25
8795194016_R06C02,25,25
8795194014_R04C01,25,25
6285609043_R01C02,25,25
6285609037_R03C02,25,25
7796806061_R06C02,25,25
7796806023_R06C02,25,25
8784241124_R01C02,25,25
8795194016_R04C02,25,25
6285609051_R05C01,25,25
6285609051_R04C01,25,25
6285609043_R06C02,25,25
6285609043_R03C02,25,25
6285609043_R05C01,25,25
6285609111_R04C02,25,25
6285609111_R05C02,25,25
6929718093_R01C01,25,25
7796806061_R04C01,25,25
7796806056_R01C02,25,25
8784241124_R03C01,25,25
9422493016_R02C02,25,25
9422491112_R06C01,25,25
7796806088_R02C01,25,25
7786923093_R02C01,25,25
7796806061_R03C02,25,25
9422491112_R02C02,25,25
9630789109_R04C01,25,25
9630789109_R01C02,7,25
7786923093_R04C01,25,25
9283265072_R02C01,25,25
9630789109_R03C02,25,25
9630789217_R02C02,25,25
9630789217_R04C02,25,25
9630789215_R03C02,25,25
9630789215_R02C02,25,25
9761749160_R04C01,25,25
9828653017_R01C01,25,25
9828653017_R04C02,25,25
9828653017_R01C02,25,25
9828653017_R02C01,25,25
3999492099_R04C02,7,25
3999492096_R06C01,25,25
3999492087_R03C01,25,25
3999492106_R01C02,25,25
3999492087_R02C02,25,25
3999492106_R04C02,25,25
3999492096_R04C01,25,25
3999492099_R05C01,7,25
3999492096_R01C01,25,25
9828653017_R03C01,25,25
9934398103_R06C01,26,26
9934625118_R06C02,26,26
9934625118_R03C02,26,26
9934398103_R04C02,26,26
9934625137_R05C02,26,26
9934625105_R01C01,26,26
9934398103_R05C01,26,26
9934625118_R02C01,26,26
9934625105_R02C02,26,26
9934625137_R01C01,26,26
9934398104_R05C01,26,26
9934398103_R06C02,26,26
9934398118_R03C02,26,26
9934398130_R01C02,26,26
9934625146_R04C01,26,26
9934625156_R05C01,26,26
9934625112_R04C01,26,26
9934625112_R03C02,26,26
9934987018_R04C02,26,26
9934625112_R01C01,26,26
9934987018_R06C01,26,26
9934398130_R06C01,26,26
9934398130_R06C02,26,26
9934987018_R03C01,26,26
9934625146_R05C01,26,26
9934625146_R01C01,26,26
9934987018_R02C01,26,26
6229009059_R04C01,27,27
6229009059_R05C01,27,27
6285609024_R01C02,27,27
6229009053_R05C01,27,27
6229009052_R05C02,27,27
6929718089_R05C02,27,27
6929718097_R02C01,27,27
8795194024_R06C02,27,27
8795194031_R01C01,27,27
8795194024_R03C02,27,27
6285650057_R03C02,27,27
8784241003_R06C01,27,27
8784241045_R06C02,27,27
9828653010_R05C01,27,27
6229009059_R02C01,27,27
6229009053_R06C01,27,27
6229009059_R03C01,27,27
6042316087_R05C01,27,27
6042316087_R04C02,27,27
6929718099_R04C01,27,27
6929806069_R05C02,27,27
6929718098_R04C01,27,27
6929718098_R02C02,27,27
6929718099_R01C01,27,27
6285633085_R03C02,27,27
7310440012_R06C01,27,27
7796806058_R04C02,27,27
7796806058_R01C02,27,27
7800246198_R04C01,27,27
7800246165_R03C02,27,27
7800246190_R01C02,27,27
8784241072_R04C02,27,27
6285633011_R02C01,27,27
6285633002_R01C02,27,27
7800246165_R02C02,27,27
7800246165_R04C01,27,27
7800246204_R01C02,27,27
8795194024_R01C01,27,27
6285633092_R03C02,27,27
7310440012_R02C02,27,27
6929806069_R04C02,27,27
6285633085_R04C02,27,27
6285633092_R06C01,27,27
6285633010_R04C02,27,27
6285633106_R02C02,27,27
6285633002_R01C01,27,27
7796806093_R02C02,27,27
7796806093_R05C01,27,27
7800246203_R06C01,27,27
7800246190_R06C02,27,27
7800246147_R03C01,27,27
8784241058_R02C02,27,27
8784241074_R03C01,27,27
8784241058_R06C02,27,27
6285650032_R06C01,27,27
6285633092_R02C02,27,27
6285633085_R03C01,27,27
6285633106_R01C01,27,27
6285633092_R01C01,27,27
7796806068_R06C01,27,27
7796806028_R02C01,27,27
7796806104_R03C02,27,27
7796806154_R02C02,27,27
8784241062_R03C02,27,27
6929718089_R04C02,27,27
6929718112_R06C02,27,27
6929718089_R03C02,27,27
6929718113_R05C01,27,27
7310440011_R02C01,27,27
7800246203_R05C02,27,27
7310440011_R05C02,27,27
7310440012_R05C01,27,27
7310440016_R03C01,27,27
7310440011_R03C01,27,27
6285633085_R01C02,27,27
7800246147_R06C02,27,27
6042316071_R03C02,27,27
6929718112_R03C01,27,27
7796806107_R02C02,27,27
7796806093_R03C02,27,27
7796806070_R03C02,27,27
7796806048_R05C02,27,27
7796806070_R04C01,27,27
7796806154_R05C01,27,27
8795194024_R02C02,27,27
8795194024_R02C01,27,27
6929718113_R04C01,27,27
7800246165_R01C01,27,27
7796806141_R01C02,27,27
7800246203_R02C02,27,27
7796806154_R01C02,27,27
8784241072_R06C01,27,27
8784241072_R06C02,27,27
8784241072_R03C02,27,27
8784241062_R03C01,27,27
8784241062_R01C01,27,27
8784241072_R05C01,27,27
9828653010_R03C01,27,27
9828653010_R06C01,27,27
9934625026_R05C02,28,28
9934625004_R04C02,28,28
9934625004_R05C01,28,28
9934625151_R06C01,28,28
9934625155_R04C02,28,28
9934625139_R06C02,28,28
9934625139_R02C01,28,28
9934625151_R05C02,28,28
9934625127_R02C02,28,28
9934625127_R06C01,28,28
9934625155_R01C02,28,28
9934625082_R05C02,28,28
9934625155_R02C02,28,28
9934625082_R01C02,28,28
9934625127_R04C01,28,28
9934625151_R03C02,28,28
9934987127_R02C02,28,28
9934987126_R03C02,28,28
9934625157_R02C01,28,28
9934987127_R06C01,28,28
9934987127_R01C02,28,28
9934987126_R01C02,28,28
9934987126_R05C01,28,28
9934987148_R01C02,28,28
6264496133_R04C01,29,29
6264496133_R02C02,29,29
6042316072_R06C02,29,29
7786923099_R06C02,29,29
6057825044_R03C01,29,29
6929718105_R01C02,29,29
6929718101_R03C02,29,29
6929671046_R03C01,29,29
7796806104_R02C01,29,29
7796806046_R03C01,29,29
9721366013_R01C01,29,29
6042316102_R05C02,29,29
6042316102_R04C01,29,29
6042316142_R05C01,29,29
9285451158_R03C01,29,29
6042316057_R03C02,29,29
9285451158_R05C01,29,29
6042316142_R06C01,29,29
6042316143_R01C01,29,29
6042316143_R02C02,29,29
6042316114_R01C01,29,29
6042316102_R01C01,29,29
6929718085_R02C02,29,29
6264509015_R01C01,29,29
7796806046_R01C01,29,29
7786923099_R06C01,29,29
6055432009_R05C02,29,29
6042324062_R03C02,29,29
6042324053_R05C01,29,29
6042324053_R02C02,29,29
6042308137_R04C02,29,29
6042316114_R06C01,29,29
7786923094_R06C01,29,29
9283265064_R04C01,29,29
6055424121_R06C01,29,29
6042324053_R06C01,29,29
6164655045_R01C01,29,29
7796806046_R04C01,29,29
7796806046_R05C01,29,29
9285451179_R01C01,29,29
6264496133_R01C02,29,29
6055432009_R04C02,29,29
6055432009_R06C01,29,29
6055432008_R01C01,29,29
6042324053_R01C01,29,29
6042324053_R01C02,29,29
6055432008_R01C02,29,29
6042324062_R02C01,29,29
6164647036_R01C01,29,29
6164647036_R03C01,29,29
6164655045_R01C02,29,29
6164655025_R04C01,29,29
6164647035_R06C02,29,29
6164655045_R06C01,29,29
6164647035_R05C02,29,29
6164655045_R05C01,29,29
6164647035_R02C01,29,29
6164647035_R04C02,29,29
6164655025_R06C01,29,29
6264509044_R04C01,29,29
6264509013_R02C02,29,29
6929718085_R03C02,29,29
6264509044_R02C02,18,29
6042316114_R03C02,29,29
6929671039_R04C02,29,29
6264496137_R03C01,29,29
6057825044_R01C01,29,29
6929718105_R05C01,29,29
6929671046_R05C02,29,29
7786923092_R01C01,29,29
7786923092_R05C02,29,29
6042308077_R03C01,29,29
6042308137_R03C01,29,29
6042308077_R05C02,29,29
6042308137_R04C01,29,29
6042308137_R02C02,29,29
6042316100_R05C01,29,29
7786923099_R04C02,29,29
9285451158_R02C02,29,29
6264509013_R04C02,29,29
6264509013_R03C02,29,29
6264509013_R04C01,29,29
7786923092_R03C02,29,29
7786923092_R04C01,29,29
9283265064_R01C02,29,29
9305216029_R02C01,30,30
9305216002_R04C02,30,30
9305216002_R03C01,30,30
9305216002_R03C02,30,30
9298768145_R04C02,30,30
9305216029_R04C02,30,30
9305216021_R02C01,30,30
9305216021_R03C01,30,30
9298768127_R06C02,30,30
9682764062_R02C02,31,31
9682764062_R03C02,31,31
9682764019_R04C01,31,31
9682764085_R03C01,31,31
9682764085_R04C02,31,31
9934398119_R03C01,31,31
9682764085_R05C02,31,31
9934398062_R01C01,31,31
9682764019_R03C01,31,31
9682764063_R02C02,31,31
9682764019_R06C02,31,31
9934398062_R05C01,31,31
9934398111_R05C01,31,31
